Question Number,Category,Question Summary,Question Details
1,Strategy & Vision,Our Vision / 3-year picture / 1-year plan explicitly considers an AGI future.,"A forward-looking vision isn’t just a slogan—it sets the mental horizon that informs every budget, hire, and product decision. Explicitly acknowledging the possibility of Artificial General Intelligence forces a small business to think beyond today’s tools and imagine scenarios where creative reasoning, not just task automation, is widely available. This mindset helps leadership spot long-tail risks (e.g., entire offerings becoming commodities overnight) and opportunity gaps (bundling human service with AGI speed). By discussing AGI in the same breath as revenue targets and market share, you teach the team to “build for antifragility,” selecting vendors, data models, and processes that can evolve quickly as capabilities compound. It also signals to staff and investors that the firm is intentional, not reactive, about technological upheaval."
2,Strategy & Vision,"The company sets at least one corporate AI Rock each quarter, with a measurable outcome.","Rocks (in EOS parlance) create focus and accountability. A single, high-impact AI Rock every quarter—e.g., “Automate invoice coding to recover 15 hours/month”—prevents the common pitfall of spreading effort across too many pilots. The measurable outcome forces clarity on scope, owner, timeline, and success metric, turning AI from “initiative” to concrete business improvement. Over successive quarters these Rocks compound, building muscle memory around scoping, resourcing, and de-risking AI work. The cadence also surfaces blockers early (budget, data access, training) so leadership can unblock quickly rather than letting enthusiasm fizzle. In short, one Rock per quarter keeps AI strategic but bite-sized—perfect for smaller teams that can’t absorb multiple concurrent moonshots."
3,Strategy & Vision,"Every team member sets one personal AI Rock each quarter, tailored to role and proficiency.","Individual Rocks democratise innovation. A bookkeeper might adopt AI reconciliations, while a marketer experiments with image-generation for ad variants. Tailoring to proficiency levels (beginner, intermediate, advanced) ensures stretch without overwhelm, and distributed ownership prevents the “AI is someone else’s job” mindset. Progress is reviewed in weekly Level-10 meetings, embedding continuous learning into the culture. Over time, this produces a grassroots library of playbooks—what worked, what flopped—and surfaces hidden champions who can mentor peers. For a 10–50-person firm where headcount is finite, making every seat an incremental AI R&D node accelerates discovery and mitigates the risk of a single-point AI guru leaving."
4,Strategy & Vision,Our Ideal Customer Profile (ICP) is reviewed annually for AI alignment.,"Markets move when technology does. Reviewing the ICP with an AI lens asks questions like: “Will our customers’ pain points stay the same once they adopt automation?” or “Could AI unlock a new sub-segment we’re ignoring?” For example, a bookkeeping service might pivot from micro-enterprises to larger firms needing human-in-the-loop assurance as AI commoditises basic ledger entries. Annual cadence strikes a balance—often enough to catch shifts, light enough for busy owners. Documenting the review also provides evidence to investors or lenders that the company isn’t blindsided by technological substitution risk."
5,Strategy & Vision,We benchmark our AI ambitions against competitors at least once a year and are progressing toward real-time insights.,"Benchmarking transforms gut feel into data: Are we ahead or behind in chatbots, workflow automation, or AI-driven upsell? Annual formal checks (industry reports, customer win/loss analysis) give a snapshot, while building toward real-time signals (news scraping, social listening, analyst feeds) creates an “early-warning radar.” For small businesses, this guards against spending months perfecting a feature the market already considers table-stakes, or conversely under-investing in a differentiator the competition hasn’t noticed. It also supplies talking points for sales and marketing: “We’re one of the first in our niche to use generative AI for proposal turnaround.”"
6,Strategy & Vision,Specific AI Key Performance Indicators (KPIs) appear on the company Scorecard.,"If it’s not on the Scorecard, it rarely gets managed. AI KPIs could include hours saved, percentage of support tickets handled by bots, or revenue from AI-enhanced upsells. Placing them alongside financial and operational metrics keeps AI accountable to real business value, preventing “vanity AI” projects. For leadership, it creates a single pane of glass—trends immediately signal whether the quarterly AI Rock is moving the needle. For teams, visibility fosters healthy competition and curiosity (“How did Operations hit 80 % AI-assisted quoting?”). This discipline is especially important for small firms where resources are tight and every initiative must defend its ROI."
7,Culture & Change-Readiness,Staff feel safe proposing automation ideas.,"Psychological safety determines whether innovation surfaces or stays hidden. In smaller firms every employee is a sensor in the business, spotting repetitive pain points that could be automated—but only if they trust leadership won’t equate “my job can be automated” with redundancy. Establishing safety can be as simple as explicit policy (“AI augments, not replaces”) and consistent behavior—recognizing suggestions rather than punishing them. By normalizing ideation, you multiply R&D capacity without new head-count: the shipping clerk flags barcode OCR, the scheduler suggests AI appointment-routing, the bookkeeper notes invoice coding. This bottom-up funnel feeds the quarterly AI Rock pipeline and ensures automation targets day-to-day realities, not executive guesswork. Safety is therefore the ignition point for a continuous improvement flywheel."
8,Culture & Change-Readiness,"AI-related wins are celebrated publicly (Slack, all-hands, etc.).","Celebration turns isolated success into shared momentum. When an employee demo shows they shaved two hours off payroll processing with an AI template, public praise does three jobs: it rewards the innovator, educates peers, and brands the company as forward-thinking. In small teams, peer storytelling is more persuasive than top-down mandates—people trust colleagues “in the trenches.” Regular shout-outs (leaderboard slides, #ai-wins channel, quarterly awards) create positive contagion, nudging fence-sitters to experiment. Celebration also signals priorities to new hires and external stakeholders: “We value ingenuity and data-driven impact.” Over time, the highlight reel becomes institutional memory, a searchable archive of playbooks others can copy, reducing rediscovery and accelerating compound gains."
9,Culture & Change-Readiness,We follow a simple communication plan for any tech change.,"Even beneficial tools fail without clear, consistent messaging. A lightweight communication plan answers: What’s changing? Why now? What’s expected of me? Where do I get help?—delivered via the channels people already watch (Level-10 agenda, Slack pin, quick Loom video). For small businesses, formality must not become bureaucracy; a one-page template suffices. Clarity reduces rumor-mill anxiety, speeds adoption, and exposes hidden blockers early (e.g., a browser plugin is incompatible with field laptops). It also documents due diligence if customers or regulators ask how change was managed. Embedding the plan into existing meeting cadences disciplines leadership to think through rollout steps instead of launching a tool Friday afternoon and hoping for the best."
10,Culture & Change-Readiness,Automated feedback loops collect team & customer input.,"Readiness isn’t just policies; it’s the listening infrastructure that flags friction before it festers. Automated loops—weekly pulse surveys, NPS triggers, post-support CSAT forms—produce structured data a small team can review in minutes. AI can summarise free-text responses, spotlighting patterns like “proposal generator still misses legal clause X.” Continuous feedback shortens the discovery-fix cycle, preventing small issues from ballooning into expensive re-work and keeping morale high because users feel heard. For customer-facing businesses, it also demonstrates service ethos, strengthening loyalty. Crucially, automation eliminates manual collation, freeing staff to act on insights rather than gather them."
11,Culture & Change-Readiness,Core values and the People-Tracker include at least one AI-aligned metric.,"Aligning culture statements with scorecards closes the “say–do” gap. If “Continuous Improvement” is a core value, tracking whether each employee shipped or documented an AI efficiency gain this quarter makes it real. In EOS, the People-Analyzer already rates GWC (Gets it, Wants it, Capacity)—adding an AI-aligned metric turns mindset into measurable behavior. This transparency guides coaching conversations: a high performer resisting new tools receives targeted support, while early adopters earn recognition or promotions. Embedding the metric also keeps AI on leadership’s radar even during busy seasons; if scores dip, it triggers IDS (Identify–Discuss–Solve) discussions. Ultimately, values-to-metrics linkage keeps cultural evolution in step with strategic intent, ensuring readiness is lived, not laminated."
12,Skills & Literacy,"Every team member sets an AI-Educational Rock each quarter, tailored to role and proficiency.","Personal Rocks turn abstract “learn AI” goals into concrete, time-boxed commitments. A junior CSR might master chat-assist prompts, while a senior analyst pilots Python notebooks. Tailoring to current skill prevents overwhelm and ensures relevance, unlocking quick productivity wins that reinforce motivation. Quarterly cadence syncs beautifully with EOS planning, creating a rolling wave of up-skilling that compounds across the firm. For a 10-to-50-person company, this distributed learning strategy scales far better than sending everyone to the same workshop. It also surfaces informal experts who can mentor peers, reducing external training costs. Tracking Rock completion in the Scorecard makes progress visible, safeguarding budget and leadership attention."
13,Skills & Literacy,We assess digital/AI literacy for every team member twice a year and tailor follow-up training plans.,"A baseline test exposes uneven knowledge—maybe marketing knows prompt engineering but ops doesn’t grasp data privacy. Semi-annual cadence captures improvement but respects bandwidth. Using simple quizzes or self-rating surveys, results feed individual learning plans (micro-courses, buddy sessions). Data shows that tailored training cuts time-to-competence and boosts retention because people see direct application. Aggregated scores also guide strategic investment—if overall literacy leaps, budget shifts from basics to advanced automation. As a readiness metric, it proves the company isn’t guessing about skills gaps but measuring and closing them methodically."
14,Skills & Literacy,AI literacy is built into new-hire onboarding.,"First impressions set cultural tone. Embedding a 30-minute AI orientation—tool stack overview, policy primer, best-practice demos—tells newcomers: “We are an AI-forward company; continuous improvement is part of the job.” Early exposure accelerates contribution because hires can immediately exploit chat-assist, code co-pilot, or data-query tools instead of learning by osmosis. It also standardises baseline knowledge, making subsequent team training easier. In regulated sectors, onboarding ensures legal compliance (privacy, disclosure) from day one, reducing risk. Finally, inclusion in orientation signals to recruiters and candidates that the firm is progressive, aiding talent attraction in tight labour markets."
15,Skills & Literacy,Each department names an AI Champion.,"Champions are the local heartbeat of innovation—translating global strategy into department-specific experiments. Their duties: gather pain-points, mentor peers, liaise with the central AI advisor, report weekly wins and blockers. In small companies this might be 5–10 % of a person’s time, yet the payoff is enormous: ideas travel faster, adoption hurdles surface quickly, and best practices cross-pollinate. Champions also create redundancy; if the tech lead is on vacation, the marketing champion can still guide prompt usage. Over time, the role builds a leadership pathway, retaining ambitious employees by giving them influence without formal promotions."
16,Skills & Literacy,A senior AI advisor (in-house or fractional) is available for guidance.,"Even the best champions hit architectural or ethical questions beyond their expertise. A fractional Chief AI Officer, consultant, or seasoned staffer provides that escalation point—reviewing data strategy, vetting vendors, or drafting policies. For a 10–150 FTE business, buying 8–16 hours/month of expert time is cost-efficient insurance against dead-end pilots or compliance missteps. The advisor also keeps leadership abreast of rapid market shifts, filtering hype from actionable trends. Crucially, their presence reassures employees that experimentation is supported by rigor, balancing “move fast” with “don’t break the business.”"
17,Data & Information,A single Data Champion owns company-wide data practices.,"In small firms data ownership is often “everyone and no-one,” leading to inconsistent naming, access headaches, and stalled projects. Nominating a Data Champion—typically someone in ops, finance, or IT—creates a clear go-to for questions, approvals, and standards. They don’t need a “CDO” title; authority and accountability are what count. This role accelerates AI readiness by streamlining decisions like “Which field holds true customer lifetime value?” or “Can marketing upload contacts to a third-party enrichment tool?” It also prevents “shadow data” silos, ensuring future AI models train on unified, trustworthy information rather than fragmented spreadsheets."
18,Data & Information,A one-page data strategy is reviewed each quarter.,"Lengthy data roadmaps gather dust; a concise one-pager forces clarity on purpose (“Why collect this data?”), priorities (phase-in timelines), and guardrails (privacy, quality). Quarterly review slots naturally into EOS seasonal planning, letting leadership adjust for new regulations or business pivots. For AI readiness, this lightweight document ensures that data investments support upcoming automation Rocks rather than generic “big data” ambitions, preventing wasted spend on irrelevant warehouses. It also gives lenders, grant providers, and insurers confidence that the company manages information as a strategic asset."
19,Data & Information,Key customer and operations data live in one CRM/ERP or shared platform.,"AI thrives on context. If sales, support, inventory, and billing data sit in separate apps with no common key, small firms face expensive integration later. Consolidating core records (or at least syncing them nightly) delivers an authoritative customer and operations view, enabling quick wins like lead-routing, churn prediction, or inventory forecasting. It also simplifies security—one place to enforce permissions—and cuts licence costs by retiring redundant tools. In short, centralisation lays the railroad tracks on which all future AI engines will run."
20,Data & Information,A simple data-flow diagram shows how data moves between systems.,"You can’t automate what you can’t see. Even a PowerPoint box-and-arrow map illuminates bottlenecks—manual CSV uploads, double entry, unencrypted transfers—that sabotage efficiency or compliance. The exercise often uncovers “ghost” processes inherited from ex-employees. Visual mapping equips AI Champions to pinpoint high-ROI integration or automation targets, speeding scoping for quarterly Rocks. It also aids vendor onboarding: a new analytics partner can grasp architecture in minutes, slashing discovery hours and consulting fees."
21,Data & Information,We enrich first-party data whenever possible.,"Raw data rarely tells the full story. Augmenting customer records with revenue bands, tech stack, or engagement scores multiplies the predictive power of AI models while improving segmentation and personalisation. For small businesses, low-cost enrichment services or AI scraping agents yield disproportionate returns—more qualified leads, tighter ad targeting, and better risk assessment—without hiring data scientists. Continuously enriched data also future-proofs the firm; as models grow more sophisticated, the underlying feature set is already rich enough to exploit them."
22,Data & Information,Files and records carry consistent metadata/tags for easy search.,"Tags and naming conventions turn chaotic file shares into a mineable knowledge base. When meeting transcripts, invoices, and design docs follow the same tagging schema (client, project, date), AI retrieval tools can instantly assemble context for chatbots or RAG (retrieval-augmented generation) systems. Uniform metadata also accelerates onboarding—new hires locate assets without tribal knowledge—and underpins compliance by flagging PII or expiry dates. For small teams juggling multiple roles, reducing “Where’s that file?” time can reclaim hours each week even before advanced AI is deployed."
23,Data & Information,Our main systems expose APIs or connect via Make / n8n web-hooks.,"APIs are the on-ramps for automation. If core apps can’t push or pull data programmatically, every future AI project hits a wall of manual export-import. Verifying API access (or Make/n8n compatibility) during vendor selection saves later migration pain and ensures real-time data flow for chatbots, dashboards, or AI agents. For budget-conscious SMBs, leveraging Make/n8n keeps costs low while still enabling sophisticated workflows—triggering language-model summaries, updating CRM records, or syncing inventory—all without custom code. This connectivity transforms disparate SaaS tools into a cohesive, AI-ready ecosystem."
24,Technology & Integration,"Core tools are cloud-based and “AI-ready” (modern, open APIs).","When apps live in the cloud and expose well-documented REST or GraphQL endpoints, a small business gains “plug-and-play” flexibility. New AI services—voice transcription, sentiment analysis, routing bots—can bolt on without servers, VPN headaches, or custom middleware. Cloud tools also shift maintenance to the vendor, freeing scarce IT bandwidth for higher-value work like data modelling. Finally, SaaS vendors iterate rapidly, so features such as native embeddings or AI assistants often arrive automatically, future-proofing the stack. In contrast, on-prem or legacy tools with no API become costly islands that block automation, demand manual exports, and inflate security risk because patches lag. Migrating now, before data volumes explode, is far cheaper than a late scramble when an AI project suddenly needs real-time access."
25,Technology & Integration,An integration platform (Make or n8n) already handles simple hand-offs.,"Integration platforms act as digital glue, letting non-developers connect apps through drag-and-drop “recipes.” For example, a “New e-commerce order → summarise with GPT → post to Slack” flow might take 15 minutes to build. Having Make or n8n in production proves the company can automate without waiting for scarce coding talent, giving every department the power to scratch its own itch. It also establishes conventions for naming flows, handling errors, and documenting ownership—habits that scale when AI agents join the party. Early experience with low-risk tasks (file renames, lead notifications) builds confidence and a library of patterns that the quarterly AI Rocks can expand upon, accelerating ROI while containing technical debt."
26,Technology & Integration,Company communications are stored in Slack/Teams channels that mirror projects or clients for future AI search.,"AI thrives on unstructured knowledge: chat threads, decisions, and context buried in email islands. Channelling discussion into structured Slack/Teams spaces creates a living, searchable memory palace. When channels mirror real-world entities—#project-alpha, #client-acme—future chatbots or vector-search tools can retrieve precise context for a support rep or proposal writer in seconds. Centralised comms also enforce transparency (everyone sees the customer’s latest request) and reduce onboarding time for new hires. For small teams juggling multiple hats, fewer back-and-forths on “Where’s that file?” or “What was decided?” means reclaimed hours that can be reinvested in value-add tasks."
27,Technology & Integration,Preferred vendors and partners for AI integrations are identified and vetted.,"Up-grading from experiments to production often hinges on outside expertise—cloud credits, specialised APIs, fractional data scientists. Proactively short-listing and due-diligencing vendors (pricing, support SLA, security posture) slashes lead time when a quarterly Rock requires, say, speech-to-text at scale. It also avoids the trap of impulse purchases that later fail compliance checks or lock the business into punitive contracts. In small organisations, pre-vetting gives non-technical founders confidence to approve spend quickly and ensures that anyone sourcing a solution—from marketing manager to office admin—draws from an aligned, secure menu rather than Googling “cheap AI API” under deadline pressure."
28,Process & Operations,Top revenue- or time-heavy processes are mapped in living SOPs.,"For a small company, a handful of workflows—order fulfilment, quoting, payroll—consume most cost and determine customer experience. Documenting them in clear, step-by-step SOPs (Notion, Google Docs, screen-capture videos) turns tribal knowledge into an asset that can be audited, trained, and, eventually, automated. “Living” means owners update the doc when a step changes, preventing stale instructions that sabotage KPIs. When it’s time to scope an AI Rock, a mapped process lets the team pinpoint which step (data entry, validation, routing) is viable for automation, shortening discovery cycles and consulting fees. Mapping also exposes hidden dependencies—“We still print this form because Finance needs a wet signature”—that must be resolved before AI can help."
29,Process & Operations,Each SOP flags pain-points or bottlenecks for potential automation.,"A flowchart alone doesn’t reveal friction; annotating it with pain-points (slow approvals, re-keying, error-prone steps) creates a heat map for AI opportunity. This discipline prevents “AI hype” from targeting glamorous but low-impact tasks, focusing effort where ROI lives. For small businesses, visual flags accelerate brainstorming sessions—stakeholders can agree quickly that Step 4 (PDF → invoice) is the bottleneck and scout OCR solutions. Over successive quarters, the flagged list becomes a prioritised backlog feeding Rocks, ensuring the most annoying tasks die first and staff feel immediate relief, fuelling cultural buy-in."
30,Process & Operations,"A Prioritisation Matrix (ROI, time-to-impact, resource alignment) ranks which processes to tackle first.","Time and cash are finite; a matrix converts wish-lists into sequenced action. Columns might score expected savings, implementation weeks, and internal champion availability. High-ROI, quick-win items rise to the top, guarding against elephant projects that swallow budget without near-term payoff. The matrix also surfaces dependencies—“We can’t automate invoicing until we standardise SKUs”—informing leadership when to allocate extra resources. Publishing the matrix in team channels sets clear expectations, reducing debate and keeping quarterly Rocks laser-focused."
31,Process & Operations,"Baseline metrics (time, cost, errors) are captured before any change.","You can’t claim success without a “before” picture. Capturing baseline KPIs—minutes per quote, error rate per 100 invoices—creates an objective yard-stick for the AI Rock’s after-state. This protects credibility (no inflated anecdotes), informs ROI calculation for future investment, and builds a case study library that convinces skeptics and investors alike. Measurement discipline also uncovers root causes: if error rate is 15 % but variance is huge between reps, training may beat automation. For small businesses with slim margins, baselines ensure every dollar and hour spent on AI moves a needle that matters."
32,Process & Operations,Weekly Level-10 / strategy meetings follow a consistent agenda that includes an AI discussion segment.,"Embedding a short “AI update” or IDS (Identify-Discuss-Solve) slot in the standing meeting institutionalises continuous improvement. Champions share quick wins, blockers, or new vendor news, keeping AI top-of-mind without extra meetings. The consistency builds muscle memory—teams arrive prepared, decisions get logged, and accountability is tracked in next week’s To-Dos. For resource-constrained firms, piggybacking on an existing forum avoids meeting creep while ensuring leadership visibility; if an integration stalls, the CEO hears it within days, not months. This cadence transforms AI from side project to core operating rhythm."
33,"Governance, Ethics & Risk","A plain-English Data & AI Policy covers privacy, bias, and acceptable use.","Policies often fail because employees don’t read or understand them. A concise, jargon-free document (2–3 pages) sets the guardrails: what data can be ingested into AI tools, how to handle customer PII, and what constitutes inappropriate model output (e.g., discriminatory language). For small businesses, this clarity protects against accidental violations that could trigger fines or reputational damage and gives staff confidence to experiment within safe bounds. It also proves “reasonable steps” were taken—important for insurers, auditors, or grant agencies. Finally, writing the policy forces leadership to confront ethical trade-offs early, rather than in crisis mode after adoption accelerates."
34,"Governance, Ethics & Risk",A cross-functional AI Governance Team meets at least twice a year.,"Governance shouldn’t live in a silo. Bringing together ops, marketing, finance, and IT ensures diverse perspectives on risk, ROI, and customer impact. Bi-annual cadence fits small-business bandwidth yet is frequent enough to review new regulations or high-impact incidents. The team approves major AI Rocks, monitors KPI trends, and adjudicates policy exceptions, giving the Data and AI Champions a clear escalation path. This structure prevents “shadow AI” pilots from springing up without oversight, while keeping bureaucracy lightweight—decisions are logged, owners assigned, and next steps reviewed at the following meeting. Over time, the team becomes an institutional memory bank that speeds future approvals and avoids repeating mistakes."
35,"Governance, Ethics & Risk",Data collection complies with GDPR / CCPA / PIPEDA (as applicable).,"Even small firms can attract global customers, exposing them to multiple privacy regimes. Compliance means obtaining valid consent, honouring deletion requests, and restricting sensitive-data use in AI workflows. Fines can reach millions—catastrophic for SMBs—while non-compliance can also block partnership deals with larger enterprises that audit suppliers. Building compliant data flows (clear opt-in forms, retention schedules, encryption) from day one is cheaper than retrofitting under legal duress. Compliance readiness also reassures customers that their data won’t be misused, a competitive differentiator when selling against less diligent rivals."
36,"Governance, Ethics & Risk",A lightweight incident-response plan exists for digital tools and data issues.,"Mistakes happen: an integration posts PII in an open channel, or a model spits out defamatory text. A one-page playbook—who to notify, how to contain, who speaks publicly—turns panic into procedure. For SMBs without 24/7 security teams, predefined steps (disable keys, contact vendor, brief customers) minimise downtime and reputational harm. Practising the plan (tabletop drill) once a year surfaces gaps such as missing contact info or unclear decision rights. Regulators and cyber-insurers increasingly ask for evidence of such plans before awarding licences or coverage, making it a practical prerequisite, not bureaucratic luxury."
37,"Governance, Ethics & Risk",We keep an audit trail of key-system changes for ≥ 90 days.,"Audit logs record who changed what, when, and often why—indispensable for tracing errors, fraud, or data-leak sources. Ninety days covers most billing cycles and quarterly reviews, giving enough window to investigate anomalies without incurring large storage costs. For AI readiness, logging supports model governance: if outputs suddenly shift, you can pinpoint whether a prompt, data source, or integration changed. It also underpins certifications (SOC 2, ISO 27001) that many enterprise customers require from vendors. Enabling logs is usually a toggle in SaaS admin panels; the key is assigning a steward to review them periodically and escalate suspicious patterns before they snowball into crises."
38,Financial & Resources,"A dedicated AI budget line covers tools, training, and advisory help.","What isn’t budgeted rarely happens. Carving out a discrete line item—however small—signals seriousness, protects funds from being cannibalised by urgent but less strategic expenses, and simplifies ROI tracking. For a 25-person firm that might mean CA $1,000/month for Make licences, GPT Team seats, and a fractional CAIO. Separating AI spend from general IT clarifies how much value automation must return, letting leadership course-correct quickly if costs outpace benefits. A visible budget also empowers department heads to propose projects confidently, knowing resources exist. Finally, lenders, investors, and grant agencies view earmarked AI spend as evidence of forward-looking management, improving access to capital."
39,Financial & Resources,"Government grants or tax credits (e.g., SR&ED, IRAP, CDAP) are tracked and applied for when eligible.","Canada and many jurisdictions subsidise innovation through refundable tax credits and grants that can offset 40–70 % of R&D labour or software costs. Small businesses often leave money on the table due to paperwork fatigue. Assigning ownership—finance lead or external consultant—to scan deadlines, maintain documentation, and file claims turns “free cash” into a predictable funding stream that de-risks experimentation. Grant compliance also forces useful discipline: project charters, timesheets, and technical write-ups that double as internal knowledge assets. Accessing public programs can stretch a limited AI budget 2–3×, accelerating roadmap items without diluting equity or increasing debt."
40,Financial & Resources,"We run a total-cost-of-ownership (TCO) check—licences, staff time, support—before green-lighting any AI initiative.","Subscription creep is real: a cheap pilot can morph into thousands in recurring fees, plus hidden labour to maintain prompts, retrain models, and wrangle data. A TCO worksheet—spreadsheet or app—forces teams to quantify all cost layers over 12–36 months: licence tiers, API overages, integration hours, and potential support escalation. Comparing TCO to forecasted savings or revenue ensures only high-leverage projects advance, preserving cash and morale. It also surfaces scaling inflection points (“If usage triples, API cost spikes—negotiate enterprise pricing now”). Institutionalising TCO reviews keeps the portfolio healthy, preventing “zombie” tools that eat margin long after the launch buzz fades."